insert into ADVISOR (ID, NAME) VALUES ('0001','0001');
insert into ADVISOR (ID, NAME) VALUES ('0002','0002');
insert into ADVISOR (ID, NAME)VALUES ('0003','0003');
insert into ADVISOR (ID, NAME)VALUES ('test','test');

insert into MODEL (ID, ADVISOR_ID, CASH_HOLDING_PERCENTAGE, DESCRIPTION, DRIFT_PERCENTAGE, MODEL_TYPE, NAME, REBALANCE_FREQUENCY) VALUES (99991,'test', 10, 'test',  10, 0, 'test1',  0);
insert into MODEL (ID, ADVISOR_ID, CASH_HOLDING_PERCENTAGE, DESCRIPTION, DRIFT_PERCENTAGE, MODEL_TYPE, NAME, REBALANCE_FREQUENCY) VALUES (99992,'test', 10, 'test',  10, 0, 'test2',  0);
insert into MODEL (ID, ADVISOR_ID, CASH_HOLDING_PERCENTAGE, DESCRIPTION, DRIFT_PERCENTAGE, MODEL_TYPE, NAME, REBALANCE_FREQUENCY) VALUES (99993,'test', 10, 'test',  10, 0, 'test3',  0);

insert into ASSET_ALLOCATION (ID, SYMBOL, PERCENTAGE) VALUES (99991, 'APPRL', 50);
insert into ASSET_ALLOCATION (ID, SYMBOL, PERCENTAGE) VALUES (99992, 'YAHOO', 50);
insert into ASSET_ALLOCATION (ID, SYMBOL, PERCENTAGE) VALUES (99993, 'APPRL', 50);
insert into ASSET_ALLOCATION (ID, SYMBOL, PERCENTAGE) VALUES (99994, 'YAHOO', 50);
insert into ASSET_ALLOCATION (ID, SYMBOL, PERCENTAGE) VALUES (99995, 'APPRL', 50);
insert into ASSET_ALLOCATION (ID, SYMBOL, PERCENTAGE) VALUES (99996, 'YAHOO', 50);

insert into MODEL_ASSET_ALLOCATIONS (MODEL_ID, ASSET_ALLOCATIONS_ID) VALUES (99991, 99991);
insert into MODEL_ASSET_ALLOCATIONS (MODEL_ID, ASSET_ALLOCATIONS_ID) VALUES (99991, 99992);
insert into MODEL_ASSET_ALLOCATIONS (MODEL_ID, ASSET_ALLOCATIONS_ID) VALUES (99992, 99993);
insert into MODEL_ASSET_ALLOCATIONS (MODEL_ID, ASSET_ALLOCATIONS_ID) VALUES (99992, 99994);
insert into MODEL_ASSET_ALLOCATIONS (MODEL_ID, ASSET_ALLOCATIONS_ID) VALUES (99993, 99995);
insert into MODEL_ASSET_ALLOCATIONS (MODEL_ID, ASSET_ALLOCATIONS_ID) VALUES (99993, 99996);

